system,noise_pct,factual_f1,citation_precision,ece,distractor_infiltration_rate,f1_degradation_pct
naive_rag,0,0.0938,0.9667,0.6262,0.0,0.00
naive_rag,10,0.0832,0.9667,0.6368,0.5417,-11.30
naive_rag,25,0.0874,0.95,0.6326,0.8333,-6.82
naive_rag,50,0.0903,0.9583,0.6297,0.8333,-3.73
reranked_rag,0,0.2483,0.9583,0.5717,0.0,0.00
reranked_rag,10,0.2142,0.9417,0.6058,0.625,-13.73
reranked_rag,25,0.1587,0.9417,0.6613,0.75,-36.09
reranked_rag,50,0.1589,0.9333,0.6611,0.75,-36.00
cogent,0,0.3641,0.9333,0.2933,0.0,0.00
cogent,10,0.3591,0.9333,0.3051,0.375,-1.37
cogent,25,0.3513,0.9333,0.3211,0.5417,-3.52
cogent,50,0.359,0.9333,0.3105,0.625,-1.40
